time,heat_load
0 sec,3902.694413
300 sec,6021.790979
600 sec,5905.497756
900 sec,5962.356596
1200 sec,5973.978658
1500 sec,5990.925436
1800 sec,5972.292515
2100 sec,6036.039172
2400 sec,6085.88255
2700 sec,6002.406947
3000 sec,5910.044346
3300 sec,6002.390339
3600 sec,5968.709398
3900 sec,5953.388532
4200 sec,5974.30515
4500 sec,5939.705814
4800 sec,5971.189433
5100 sec,5990.810524
5400 sec,5926.58023
5700 sec,5938.125559
6000 sec,5928.324186
6300 sec,5890.2547
6600 sec,5961.980682
6900 sec,6002.893309
7200 sec,5977.512936
7500 sec,5983.926331
7800 sec,5919.948127
8100 sec,5923.021328
8400 sec,5958.598274
8700 sec,5929.949121
9000 sec,5942.422653
9300 sec,5897.913573
9600 sec,5907.805883
9900 sec,5898.283322
10200 sec,5843.906752
10500 sec,5936.663994
10800 sec,5924.766435
11100 sec,5910.678838
11400 sec,5973.184365
11700 sec,5914.178199
12000 sec,5973.258783
12300 sec,5951.137445
12600 sec,5972.177056
12900 sec,6000.067317
13200 sec,5975.5939
13500 sec,5999.011364
13800 sec,5985.163078
14100 sec,5999.44815
14400 sec,5980.216565
14700 sec,5992.673234
15000 sec,5952.03866
15300 sec,5955.52434
15600 sec,5931.363445
15900 sec,6038.679079
16200 sec,6288.3777
16500 sec,6327.995708
16800 sec,6240.018052
17100 sec,6283.406552
17400 sec,6204.984544
17700 sec,6203.852137
18000 sec,6096.945952
18300 sec,6059.773101
18600 sec,6135.879801
18900 sec,6107.619213
19200 sec,6121.924462
19500 sec,6099.464392
19800 sec,6034.72563
20100 sec,6036.655212
20400 sec,6010.345283
20700 sec,6050.504301
21000 sec,6014.642592
21300 sec,6029.902073
21600 sec,5988.314058
21900 sec,5977.992121
22200 sec,5926.425995
22500 sec,5909.550509
22800 sec,5880.809025
23100 sec,5906.527431
23400 sec,5894.644073
23700 sec,3827.948616
24000 sec,3852.623655
24300 sec,3817.654934
24600 sec,3875.224144
24900 sec,3939.154263
25200 sec,3876.842961
25500 sec,3900.576477
25800 sec,3894.605134
26100 sec,3841.650373
26400 sec,3848.731219
26700 sec,3814.633748
27000 sec,3810.722196
27300 sec,3819.07878
27600 sec,3820.091198
27900 sec,3876.229007
28200 sec,3803.042718
28500 sec,3808.572847
28800 sec,3795.412166
29100 sec,3762.59371
29400 sec,3860.380185
29700 sec,3867.032203
30000 sec,3905.944313
30300 sec,3824.162058
30600 sec,3830.210218
30900 sec,3855.212668
31200 sec,3872.367274
31500 sec,3855.935876
31800 sec,3819.409331
32100 sec,3826.902427
32400 sec,3846.545149
32700 sec,3811.086268
33000 sec,3761.372686
33300 sec,3773.767869
33600 sec,3817.843209
33900 sec,3772.343004
34200 sec,3813.475433
34500 sec,3805.662285
34800 sec,3804.304741
35100 sec,3748.336998
35400 sec,3811.527725
35700 sec,3777.025335
36000 sec,3864.947293
36300 sec,3820.243795
36600 sec,3839.731304
36900 sec,3779.864062
37200 sec,3758.632746
37500 sec,3763.160018
37800 sec,3789.495469
38100 sec,3761.512253
38400 sec,3770.366422
38700 sec,3703.59821
39000 sec,3738.910107
39300 sec,3737.150929
39600 sec,3717.210329
39900 sec,3774.018742
40200 sec,3795.74864
40500 sec,3770.567544
40800 sec,3748.166351
41100 sec,3790.028234
41400 sec,3783.042022
41700 sec,5845.784833
42000 sec,5901.059646
42300 sec,3847.538996
42600 sec,5914.395004
42900 sec,5949.674549
43200 sec,5962.24127
43500 sec,5995.004265
43800 sec,6080.559869
44100 sec,6041.559115
44400 sec,6045.694242
44700 sec,6075.561223
45000 sec,6019.483013
45300 sec,3898.128688
45600 sec,5987.393355
45900 sec,5977.054291
46200 sec,6002.212055
46500 sec,3865.621382
46800 sec,3848.327779
47100 sec,3960.621201
47400 sec,3902.020835
47700 sec,3797.713609
48000 sec,3793.68197
48300 sec,3786.983696
48600 sec,3732.647627
48900 sec,3771.191942
49200 sec,2740.08332
49500 sec,3731.905748
49800 sec,3717.896219
50100 sec,3730.080084
50400 sec,3753.960385
50700 sec,3813.630265
51000 sec,3763.259751
51300 sec,3701.920878
51600 sec,3700.953995
51900 sec,3717.008942
52200 sec,3696.04685
52500 sec,3670.334189
52800 sec,3638.214516
53100 sec,3638.322314
53400 sec,3619.218422
53700 sec,3644.593563
54000 sec,3603.403857
54300 sec,3635.641096
54600 sec,3617.603906
54900 sec,3617.141543
55200 sec,3658.830615
55500 sec,3671.716147
55800 sec,3655.115247
56100 sec,3699.177252
56400 sec,3675.802991
56700 sec,3691.525159
57000 sec,3717.819166
57300 sec,3702.790481
57600 sec,3707.385594
57900 sec,3727.223257
58200 sec,3718.664183
58500 sec,3736.545992
58800 sec,3743.481191
59100 sec,3768.785842
59400 sec,3772.415965
59700 sec,3817.187103
60000 sec,3894.250761
60300 sec,3867.097523
60600 sec,3827.307431
60900 sec,3806.254317
61200 sec,3824.544382
61500 sec,3812.481385
61800 sec,3795.500588
62100 sec,3783.204659
62400 sec,3830.145359
62700 sec,3840.434398
63000 sec,3769.976084
63300 sec,3781.456287
63600 sec,3723.138457
63900 sec,3751.036802
64200 sec,3737.401699
64500 sec,3731.473168
64800 sec,3752.859593
65100 sec,3756.986556
65400 sec,3829.769172
65700 sec,3840.567423
66000 sec,3815.283606
66300 sec,3877.844948
66600 sec,3898.205664
66900 sec,3911.876022
67200 sec,3908.732067
67500 sec,3973.014304
67800 sec,3977.946781
68100 sec,3975.311934
68400 sec,3970.41754
68700 sec,4000.449353
69000 sec,4011.574923
69300 sec,3980.97523
69600 sec,3995.123287
69900 sec,3980.21292
70200 sec,2906.207959
70500 sec,3999.744907
70800 sec,3991.605807
71100 sec,3940.528414
71400 sec,4015.438473
71700 sec,4034.876597
72000 sec,3998.717451
72300 sec,4047.271904
72600 sec,4052.48096
72900 sec,4040.318783
73200 sec,4021.931464
73500 sec,3955.048007
73800 sec,3980.527985
74100 sec,3965.041337
74400 sec,3953.728006
74700 sec,3957.048526
75000 sec,3896.273442
75300 sec,3936.627359
75600 sec,3959.524843
75900 sec,3972.346494
76200 sec,3966.530331
76500 sec,3990.181883
76800 sec,4041.12861
77100 sec,3955.921429
77400 sec,4030.088019
77700 sec,4005.915367
78000 sec,4018.414401
78300 sec,3956.682317
78600 sec,3977.01063
78900 sec,3968.483168
79200 sec,3973.79233
79500 sec,3948.763704
79800 sec,4011.245267
80100 sec,3967.302531
80400 sec,3997.65891
80700 sec,3987.827375
81000 sec,3981.881995
81300 sec,4009.090571
81600 sec,4027.452421
81900 sec,4039.547255
82200 sec,4040.934003
82500 sec,4024.01633
82800 sec,4030.47645
83100 sec,4054.89315
83400 sec,4020.67365
83700 sec,4006.638312
84000 sec,4058.492126
84300 sec,4020.541492
84600 sec,4011.908173
84900 sec,4050.175127
85200 sec,4040.240307
85500 sec,4008.903064
85800 sec,3988.437056
86100 sec,3975.185419
86400 sec,4021.136999
86700 sec,3974.18402
87000 sec,4016.834831
87300 sec,3960.063867
87600 sec,3979.047244
87900 sec,3977.211671
88200 sec,3937.869051
88500 sec,3924.563302
88800 sec,3859.927216
89100 sec,3927.525506
89400 sec,2825.404273
89700 sec,2823.580524
90000 sec,2856.247835
90300 sec,3915.619476
90600 sec,3949.046989
90900 sec,3972.260467
91200 sec,4039.708349
91500 sec,3900.994939
91800 sec,3910.527185
92100 sec,3904.977393
92400 sec,3923.227176
92700 sec,3913.640738
93000 sec,3926.982295
93300 sec,3897.140659
93600 sec,3893.291305
93900 sec,3938.060139
94200 sec,3871.310444
94500 sec,3887.874752
94800 sec,3860.477825
95100 sec,3884.586981
95400 sec,3952.121577
95700 sec,3948.123703
96000 sec,3932.501641
96300 sec,3938.349402
96600 sec,3937.433033
96900 sec,3919.111435
97200 sec,3928.06613
97500 sec,3915.405077
97800 sec,3880.671612
98100 sec,3895.762463
98400 sec,3853.375523
98700 sec,3935.940526
99000 sec,3929.313587
99300 sec,3936.288223
99600 sec,3938.494476
99900 sec,3910.726789
1.002e+05 sec,3948.578769
1.005e+05 sec,3925.714009
1.008e+05 sec,4001.640986
1.011e+05 sec,3972.722777
1.014e+05 sec,3906.708743
1.017e+05 sec,3964.926999
1.02e+05 sec,3911.044079
1.023e+05 sec,3938.36381
1.026e+05 sec,3916.686024
1.029e+05 sec,3907.669028
1.032e+05 sec,3852.006521
1.035e+05 sec,3901.326986
1.038e+05 sec,3873.479339
1.041e+05 sec,3894.963798
1.044e+05 sec,3874.252507
1.047e+05 sec,3850.593254
1.05e+05 sec,3888.294177
1.053e+05 sec,3876.500322
1.056e+05 sec,3844.74915
1.059e+05 sec,3821.157484
1.062e+05 sec,3891.319146
1.065e+05 sec,3813.175748
1.068e+05 sec,3966.273739
1.071e+05 sec,4045.398094
1.074e+05 sec,4067.168414
1.077e+05 sec,4058.32707
1.08e+05 sec,4120.123559
1.083e+05 sec,4065.23759
1.086e+05 sec,4070.479967
1.089e+05 sec,3983.663851
1.092e+05 sec,3984.964534
1.095e+05 sec,3991.846309
1.098e+05 sec,3984.11459
1.101e+05 sec,4010.971122
1.104e+05 sec,4035.871206
1.107e+05 sec,4049.612777
1.11e+05 sec,4000.015127
1.113e+05 sec,4002.16442
1.116e+05 sec,3978.480797
1.119e+05 sec,3987.261908
1.122e+05 sec,3971.280161
1.125e+05 sec,3927.013154
1.128e+05 sec,3912.03639
1.131e+05 sec,3913.383277
1.134e+05 sec,3895.285564
1.137e+05 sec,3948.841259
1.14e+05 sec,3949.112112
1.143e+05 sec,3898.021803
1.146e+05 sec,3843.130018
1.149e+05 sec,3834.894323
1.152e+05 sec,3789.388763
1.155e+05 sec,3860.85493
1.158e+05 sec,3866.469563
1.161e+05 sec,3897.953685
1.164e+05 sec,3863.480788
1.167e+05 sec,5978.645285
1.17e+05 sec,5938.141633
1.173e+05 sec,5985.612689
1.176e+05 sec,5973.187843
1.179e+05 sec,5984.216334
1.182e+05 sec,6150.475324
1.185e+05 sec,6199.990721
1.188e+05 sec,6215.369553
1.191e+05 sec,6323.233745
1.194e+05 sec,6286.451531
1.197e+05 sec,6334.308677
1.2e+05 sec,6315.298813
1.203e+05 sec,6321.893211
1.206e+05 sec,6308.976367
1.209e+05 sec,6244.110992
1.212e+05 sec,6075.272337
1.215e+05 sec,6173.269259
1.218e+05 sec,6152.269844
1.221e+05 sec,6100.211514
1.224e+05 sec,6121.629345
1.227e+05 sec,6077.605117
1.23e+05 sec,6081.78514
1.233e+05 sec,6057.862788
1.236e+05 sec,6056.161386
1.239e+05 sec,6042.702023
1.242e+05 sec,6073.717052
1.245e+05 sec,6134.920773
1.248e+05 sec,6080.029979
1.251e+05 sec,6009.08443
1.254e+05 sec,6019.21486
1.257e+05 sec,6025.947123
1.26e+05 sec,5993.627751
1.263e+05 sec,5999.305366
1.266e+05 sec,6028.706545
1.269e+05 sec,6032.844719
1.272e+05 sec,6065.254949
1.275e+05 sec,6078.097562
1.278e+05 sec,6085.612935
1.281e+05 sec,6017.662619
1.284e+05 sec,6065.157494
1.287e+05 sec,6094.612496
1.29e+05 sec,6065.387323
1.293e+05 sec,6021.333408
1.296e+05 sec,6046.909039
1.299e+05 sec,5961.215927
1.302e+05 sec,5873.965574
1.305e+05 sec,5886.919432
1.308e+05 sec,5915.915278
1.311e+05 sec,5986.746511
1.314e+05 sec,6014.238724
1.317e+05 sec,6068.933326
1.32e+05 sec,6119.909476
1.323e+05 sec,6151.304084
1.326e+05 sec,6132.125505
1.329e+05 sec,6233.387897
1.332e+05 sec,6253.397952
1.335e+05 sec,6273.214619
1.338e+05 sec,6259.772403
1.341e+05 sec,6143.698976
1.344e+05 sec,6122.781803
1.347e+05 sec,3970.290947
1.35e+05 sec,6043.822148
1.353e+05 sec,6048.674547
1.356e+05 sec,6096.639789
1.359e+05 sec,6089.388836
1.362e+05 sec,6086.217871
1.365e+05 sec,6026.661263
1.368e+05 sec,6008.247719
1.371e+05 sec,5990.685024
1.374e+05 sec,5969.846524
1.377e+05 sec,5902.260485
1.38e+05 sec,5861.303431
1.383e+05 sec,5845.879365
1.386e+05 sec,5763.342248
1.389e+05 sec,5770.592567
1.392e+05 sec,5717.12352
1.395e+05 sec,5745.728876
1.398e+05 sec,5737.438777
1.401e+05 sec,5764.544009
1.404e+05 sec,5782.362758
1.407e+05 sec,5773.754002
1.41e+05 sec,5759.245987
1.413e+05 sec,5804.022498
1.416e+05 sec,5780.114976
1.419e+05 sec,5775.621474
1.422e+05 sec,5780.23577
1.425e+05 sec,5777.28272
1.428e+05 sec,5742.436856
1.431e+05 sec,5761.498106
1.434e+05 sec,5725.159194
1.437e+05 sec,5728.781365
1.44e+05 sec,5727.187751
1.443e+05 sec,5727.695987
1.446e+05 sec,5738.805114
1.449e+05 sec,5749.346709
1.452e+05 sec,5749.472063
1.455e+05 sec,5714.584629
1.458e+05 sec,5749.664964
1.461e+05 sec,5759.52458
1.464e+05 sec,5758.824889
1.467e+05 sec,5866.325991
1.47e+05 sec,5873.339109
1.473e+05 sec,6120.041385
1.476e+05 sec,6153.079558
1.479e+05 sec,6024.685814
1.482e+05 sec,6098.375769
1.485e+05 sec,6052.71207
1.488e+05 sec,6014.030258
1.491e+05 sec,6041.408922
1.494e+05 sec,6092.333811
1.497e+05 sec,6035.893896
1.5e+05 sec,5992.669815
1.503e+05 sec,6040.737352
1.506e+05 sec,5946.165534
1.509e+05 sec,5947.49969
1.512e+05 sec,5893.728876
1.515e+05 sec,5821.855522
1.518e+05 sec,5830.981098
1.521e+05 sec,5845.394069
1.524e+05 sec,5714.913827
1.527e+05 sec,5697.405122
1.53e+05 sec,5806.98344
1.533e+05 sec,5822.110225
1.536e+05 sec,5856.425069
1.539e+05 sec,5919.395681
1.542e+05 sec,5911.315756
1.545e+05 sec,5864.970176
1.548e+05 sec,5841.033086
1.551e+05 sec,5873.658617
1.554e+05 sec,5911.612113
1.557e+05 sec,5916.85441
1.56e+05 sec,5938.551738
1.563e+05 sec,5948.716309
1.566e+05 sec,6010.846519
1.569e+05 sec,5969.627621
1.572e+05 sec,5999.149541
1.575e+05 sec,6003.715385
1.578e+05 sec,6050.252667
1.581e+05 sec,6015.75377
1.584e+05 sec,6024.210706
1.587e+05 sec,6039.130474
1.59e+05 sec,6018.93726
1.593e+05 sec,6035.399749
1.596e+05 sec,6015.580739
1.599e+05 sec,5997.19533
1.602e+05 sec,6019.48992
1.605e+05 sec,5995.235818
1.608e+05 sec,5991.950799
1.611e+05 sec,6033.482446
1.614e+05 sec,6033.433859
1.617e+05 sec,6060.009776
1.62e+05 sec,6111.995539
1.623e+05 sec,6122.560211
1.626e+05 sec,6054.565141
1.629e+05 sec,6019.288559
1.632e+05 sec,6057.113385
1.635e+05 sec,6030.039988
1.638e+05 sec,5995.687098
1.641e+05 sec,5976.145423
1.644e+05 sec,5985.31734
1.647e+05 sec,6021.001308
1.65e+05 sec,6121.715884
1.653e+05 sec,6160.167025
1.656e+05 sec,6172.685723
1.659e+05 sec,6138.918608
1.662e+05 sec,6057.110375
1.665e+05 sec,5975.892909
1.668e+05 sec,6003.419749
1.671e+05 sec,5986.705478
1.674e+05 sec,6054.134966
1.677e+05 sec,6132.566819
1.68e+05 sec,6120.071779
1.683e+05 sec,6108.457557
1.686e+05 sec,6088.664014
1.689e+05 sec,6063.012103
1.692e+05 sec,6052.684908
1.695e+05 sec,6054.90734
1.698e+05 sec,6083.305696
1.701e+05 sec,6092.337908
1.704e+05 sec,6102.364275
1.707e+05 sec,6039.349512
1.71e+05 sec,6024.06125
1.713e+05 sec,6074.871327
1.716e+05 sec,6039.80478
1.719e+05 sec,6055.111087
1.722e+05 sec,6035.603115
1.725e+05 sec,6018.67829
1.728e+05 sec,5995.9571
1.731e+05 sec,6043.964313
1.734e+05 sec,6081.930733
1.737e+05 sec,6086.119477
1.74e+05 sec,6100.241641
1.743e+05 sec,6076.68517
1.746e+05 sec,6090.125907
1.749e+05 sec,6020.393484
1.752e+05 sec,6025.512462
1.755e+05 sec,3926.107346
1.758e+05 sec,3934.35965
1.761e+05 sec,2865.1968
1.764e+05 sec,3904.71413
1.767e+05 sec,3944.168835
1.77e+05 sec,3935.465924
1.773e+05 sec,3921.03338
1.776e+05 sec,3923.311764
1.779e+05 sec,3941.235794
1.782e+05 sec,3985.478943
1.785e+05 sec,4016.831923
1.788e+05 sec,3999.198081
1.791e+05 sec,3984.332275
1.794e+05 sec,3992.437121
1.797e+05 sec,4024.461134
1.8e+05 sec,3987.981075
1.803e+05 sec,4014.070611
1.806e+05 sec,3948.367151
1.809e+05 sec,3950.696587
1.812e+05 sec,3961.204831
1.815e+05 sec,3875.920933
1.818e+05 sec,3879.626317
1.821e+05 sec,3902.54993
1.824e+05 sec,3871.911001
1.827e+05 sec,3908.920341
1.83e+05 sec,3922.228346
1.833e+05 sec,3918.07112
1.836e+05 sec,3886.050519
1.839e+05 sec,3926.074997
1.842e+05 sec,3883.581293
1.845e+05 sec,3925.853856
1.848e+05 sec,3919.115808
1.851e+05 sec,3878.084813
1.854e+05 sec,3874.368206
1.857e+05 sec,3903.967227
1.86e+05 sec,3867.001477
1.863e+05 sec,3845.48873
1.866e+05 sec,3820.766601
1.869e+05 sec,3808.354494
1.872e+05 sec,3788.597437
1.875e+05 sec,3791.067023
1.878e+05 sec,3826.893475
1.881e+05 sec,3813.305453
1.884e+05 sec,3829.550206
1.887e+05 sec,3788.050429
1.89e+05 sec,3796.082388
1.893e+05 sec,3803.898465
1.896e+05 sec,3759.123097
1.899e+05 sec,3730.54414
1.902e+05 sec,3724.898878
1.905e+05 sec,3723.784607
1.908e+05 sec,3739.656287
1.911e+05 sec,2738.758846
1.914e+05 sec,2746.664909
1.917e+05 sec,3796.74229
1.92e+05 sec,3797.975623
1.923e+05 sec,3805.985312
1.926e+05 sec,3795.013637
1.929e+05 sec,3830.473061
1.932e+05 sec,3777.427288
1.935e+05 sec,3767.678379
1.938e+05 sec,3784.770116
1.941e+05 sec,3819.684361
1.944e+05 sec,3838.611182
1.947e+05 sec,3859.561214
1.95e+05 sec,3847.586897
1.953e+05 sec,3854.219322
1.956e+05 sec,5966.543006
1.959e+05 sec,6000.594111
1.962e+05 sec,5947.226752
1.965e+05 sec,6000.344164
1.968e+05 sec,6025.439085
1.971e+05 sec,5964.616482
1.974e+05 sec,5917.522613
1.977e+05 sec,5990.916305
1.98e+05 sec,6041.143774
1.983e+05 sec,5903.175348
1.986e+05 sec,5913.99074
1.989e+05 sec,5895.434383
1.992e+05 sec,5884.712148
1.995e+05 sec,5868.666405
1.998e+05 sec,5866.087254
2.001e+05 sec,5865.551557
2.004e+05 sec,5861.305774
2.007e+05 sec,5875.789507
2.01e+05 sec,5902.463192
2.013e+05 sec,5869.467571
2.016e+05 sec,5899.792603
2.019e+05 sec,5908.371447
2.022e+05 sec,5949.315289
2.025e+05 sec,5926.09035
2.028e+05 sec,5952.338337
2.031e+05 sec,5959.145113
2.034e+05 sec,5939.162525
2.037e+05 sec,5931.423082
2.04e+05 sec,5934.168477
2.043e+05 sec,5935.392492
2.046e+05 sec,5944.571502
2.049e+05 sec,5941.382066
2.052e+05 sec,5923.508674
2.055e+05 sec,5942.512314
2.058e+05 sec,5995.103341
2.061e+05 sec,5954.529133
2.064e+05 sec,5922.343514
2.067e+05 sec,5952.762352
2.07e+05 sec,5926.270638
2.073e+05 sec,5952.155868
2.076e+05 sec,5895.693289
2.079e+05 sec,5883.937607
2.082e+05 sec,5830.445116
2.085e+05 sec,5868.153864
2.088e+05 sec,5886.927106
2.091e+05 sec,5844.735953
2.094e+05 sec,3811.837335
2.097e+05 sec,3775.485211
2.1e+05 sec,5867.225712
2.103e+05 sec,5831.825734
2.106e+05 sec,5838.357562
2.109e+05 sec,5794.133848
2.112e+05 sec,5811.755888
2.115e+05 sec,5830.072239
2.118e+05 sec,5823.484673
2.121e+05 sec,5783.601036
2.124e+05 sec,5772.615767
2.127e+05 sec,5788.779043
2.13e+05 sec,5791.791077
2.133e+05 sec,5902.162996
2.136e+05 sec,6134.203576
2.139e+05 sec,6282.384563
2.142e+05 sec,6253.716579
2.145e+05 sec,6201.713598
2.148e+05 sec,6151.295544
2.151e+05 sec,6089.032705
2.154e+05 sec,6081.687556
2.157e+05 sec,6031.243364
2.16e+05 sec,6134.20385
2.163e+05 sec,6136.869701
2.166e+05 sec,6155.643993
2.169e+05 sec,6207.93238
2.172e+05 sec,6223.935905
2.175e+05 sec,6149.279559
2.178e+05 sec,6096.223501
2.181e+05 sec,6027.054385
2.184e+05 sec,6048.728131
2.187e+05 sec,5964.870029
2.19e+05 sec,5918.228207
2.193e+05 sec,5876.405267
2.196e+05 sec,5914.642314
2.199e+05 sec,5872.960886
2.202e+05 sec,5885.960438
2.205e+05 sec,5834.966387
2.208e+05 sec,5812.934396
2.211e+05 sec,5819.894704
2.214e+05 sec,5784.4242
2.217e+05 sec,5812.837488
2.22e+05 sec,5786.429652
2.223e+05 sec,5783.258961
2.226e+05 sec,5731.566671
2.229e+05 sec,5773.20566
2.232e+05 sec,5751.270636
2.235e+05 sec,5755.043073
2.238e+05 sec,3756.226134
2.241e+05 sec,3796.668605
2.244e+05 sec,3780.816161
2.247e+05 sec,2701.813572
2.25e+05 sec,3771.982451
2.253e+05 sec,3789.920399
2.256e+05 sec,3740.880977
2.259e+05 sec,3726.537598
2.262e+05 sec,3786.066746
2.265e+05 sec,3754.436507
2.268e+05 sec,3734.501229
2.271e+05 sec,3767.343175
2.274e+05 sec,3719.831098
2.277e+05 sec,3687.004431
2.28e+05 sec,3713.691455
2.283e+05 sec,3728.020899
2.286e+05 sec,3718.706038
2.289e+05 sec,3715.72613
2.292e+05 sec,3734.211861
2.295e+05 sec,3718.714408
2.298e+05 sec,3691.939685
2.301e+05 sec,3702.54788
2.304e+05 sec,2691.341765
2.307e+05 sec,3679.761098
2.31e+05 sec,3739.890579
2.313e+05 sec,3786.430846
2.316e+05 sec,3758.918708
2.319e+05 sec,3869.393974
2.322e+05 sec,3853.64275
2.325e+05 sec,3773.658742
2.328e+05 sec,3777.157948
2.331e+05 sec,3751.89597
2.334e+05 sec,3806.754219
2.337e+05 sec,3807.749333
2.34e+05 sec,3774.647628
2.343e+05 sec,3695.321793
2.346e+05 sec,3661.128373
2.349e+05 sec,3658.621352
2.352e+05 sec,3695.477448
2.355e+05 sec,3737.610441
2.358e+05 sec,3698.868366
2.361e+05 sec,3680.499286
2.364e+05 sec,3706.231355
2.367e+05 sec,3688.515149
2.37e+05 sec,3674.069586
2.373e+05 sec,3718.789285
2.376e+05 sec,3686.86441
2.379e+05 sec,3659.773505
2.382e+05 sec,3679.468897
2.385e+05 sec,3670.708204
2.388e+05 sec,3686.748138
2.391e+05 sec,3626.390256
2.394e+05 sec,3711.679795
2.397e+05 sec,3765.515293
2.4e+05 sec,3780.831001
2.403e+05 sec,3770.331145
2.406e+05 sec,3803.670763
2.409e+05 sec,3830.027215
2.412e+05 sec,3911.383039
2.415e+05 sec,3903.882148
2.418e+05 sec,3912.114469
2.421e+05 sec,3898.033895
2.424e+05 sec,3892.815468
2.427e+05 sec,3893.679786
2.43e+05 sec,3927.731542
2.433e+05 sec,3875.90952
2.436e+05 sec,3903.825548
2.439e+05 sec,3928.996721
2.442e+05 sec,3895.659371
2.445e+05 sec,3941.168805
2.448e+05 sec,3966.717036
2.451e+05 sec,3926.745931
2.454e+05 sec,3965.5418
2.457e+05 sec,3942.746741
2.46e+05 sec,3948.150917
2.463e+05 sec,3947.104156
2.466e+05 sec,3960.214538
2.469e+05 sec,3904.596294
2.472e+05 sec,3916.69107
2.475e+05 sec,3928.270899
2.478e+05 sec,3940.6472
2.481e+05 sec,3979.032089
2.484e+05 sec,3933.59429
2.487e+05 sec,3963.120574
2.49e+05 sec,3968.502655
2.493e+05 sec,3953.609193
2.496e+05 sec,3981.228561
2.499e+05 sec,3999.023615
2.502e+05 sec,3969.55412
2.505e+05 sec,3981.380532
2.508e+05 sec,3930.462438
2.511e+05 sec,3968.623998
2.514e+05 sec,3929.962423
2.517e+05 sec,3924.284274
2.52e+05 sec,3991.699928
2.523e+05 sec,3990.980862
2.526e+05 sec,3999.281931
2.529e+05 sec,3977.116653
2.532e+05 sec,3937.569473
2.535e+05 sec,3885.561117
2.538e+05 sec,3951.553664
2.541e+05 sec,3933.795165
2.544e+05 sec,3938.483876
2.547e+05 sec,3958.529405
2.55e+05 sec,3918.648266
2.553e+05 sec,3928.793654
2.556e+05 sec,3905.521443
2.559e+05 sec,3918.080334
2.562e+05 sec,3853.040523
2.565e+05 sec,3842.164971
2.568e+05 sec,3862.534774
2.571e+05 sec,3883.86583
2.574e+05 sec,3891.765473
2.577e+05 sec,3771.577633
2.58e+05 sec,3733.199559
2.583e+05 sec,3777.005595
2.586e+05 sec,3743.620167
2.589e+05 sec,3739.760786
2.592e+05 sec,3748.597043
2.595e+05 sec,3743.166335
2.598e+05 sec,3748.682431
2.601e+05 sec,3802.789514
2.604e+05 sec,3901.37266
2.607e+05 sec,3900.350593
2.61e+05 sec,3840.145024
2.613e+05 sec,3784.014186
2.616e+05 sec,3816.406859
2.619e+05 sec,2789.912653
2.622e+05 sec,3803.059671
2.625e+05 sec,3762.677633
2.628e+05 sec,3800.469881
2.631e+05 sec,3784.912366
2.634e+05 sec,3872.836632
2.637e+05 sec,3825.056798
2.64e+05 sec,3803.527706
2.643e+05 sec,3782.314036
2.646e+05 sec,3757.773795
2.649e+05 sec,3776.726159
2.652e+05 sec,3802.16157
2.655e+05 sec,3753.213507
2.658e+05 sec,5827.690539
2.661e+05 sec,5823.486122
2.664e+05 sec,5886.004471
2.667e+05 sec,5934.626589
2.67e+05 sec,5916.759307
2.673e+05 sec,5941.575408
2.676e+05 sec,5857.030726
2.679e+05 sec,5881.800727
2.682e+05 sec,5904.416807
2.685e+05 sec,5940.653484
2.688e+05 sec,5918.306882
2.691e+05 sec,5936.754732
2.694e+05 sec,5985.533982
2.697e+05 sec,5933.530359
2.7e+05 sec,5916.135433
2.703e+05 sec,5866.408784
2.706e+05 sec,5881.803719
2.709e+05 sec,5899.649322
2.712e+05 sec,5906.382555
2.715e+05 sec,5912.084827
2.718e+05 sec,5917.829781
2.721e+05 sec,5913.441927
2.724e+05 sec,5911.551266
2.727e+05 sec,5871.478981
2.73e+05 sec,5872.163079
2.733e+05 sec,5860.736585
2.736e+05 sec,5821.894866
2.739e+05 sec,5838.10678
2.742e+05 sec,5790.844027
2.745e+05 sec,5777.084345
2.748e+05 sec,5788.183503
2.751e+05 sec,5809.780048
2.754e+05 sec,5809.823464
2.757e+05 sec,5817.465254
2.76e+05 sec,5814.845757
2.763e+05 sec,5781.685664
2.766e+05 sec,5788.03095
2.769e+05 sec,5801.12307
2.772e+05 sec,5771.644564
2.775e+05 sec,5784.610947
2.778e+05 sec,5770.965493
2.781e+05 sec,5718.112839
2.784e+05 sec,5762.591034
2.787e+05 sec,5756.849519
2.79e+05 sec,5726.066781
2.793e+05 sec,5734.679012
2.796e+05 sec,5801.443797
2.799e+05 sec,5758.788115
2.802e+05 sec,5768.453463
2.805e+05 sec,5827.118259
2.808e+05 sec,5871.864997
2.811e+05 sec,3764.530989
2.814e+05 sec,5809.398588
2.817e+05 sec,5791.636633
2.82e+05 sec,5823.616357
2.823e+05 sec,5795.715868
2.826e+05 sec,5818.434384
2.829e+05 sec,5795.631093
2.832e+05 sec,5799.945606
2.835e+05 sec,5791.867944
2.838e+05 sec,5773.043184
2.841e+05 sec,5793.55904
2.844e+05 sec,5774.948619
2.847e+05 sec,5806.673489
2.85e+05 sec,5842.266995
2.853e+05 sec,5842.937453
2.856e+05 sec,5827.834181
2.859e+05 sec,5807.00647
2.862e+05 sec,5797.98979
2.865e+05 sec,5813.054057
2.868e+05 sec,5700.794
2.871e+05 sec,5780.461384
2.874e+05 sec,5780.925634
2.877e+05 sec,5779.953106
2.88e+05 sec,5761.648178
2.883e+05 sec,5775.328186
2.886e+05 sec,5830.552146
2.889e+05 sec,5786.973551
2.892e+05 sec,5767.258037
2.895e+05 sec,5745.694845
2.898e+05 sec,5747.682209
2.901e+05 sec,5754.591891
2.904e+05 sec,5718.428742
2.907e+05 sec,5688.198308
2.91e+05 sec,5729.301203
2.913e+05 sec,5757.452338
2.916e+05 sec,5708.023136
2.919e+05 sec,5773.583394
2.922e+05 sec,5856.628504
2.925e+05 sec,5844.802727
2.928e+05 sec,5950.537796
2.931e+05 sec,5965.326071
2.934e+05 sec,5841.705689
2.937e+05 sec,5745.469367
2.94e+05 sec,5701.303158
2.943e+05 sec,5760.392288
2.946e+05 sec,5726.43061
2.949e+05 sec,5709.646147
2.952e+05 sec,5783.219742
2.955e+05 sec,5727.619939
2.958e+05 sec,5789.82925
2.961e+05 sec,5740.226075
2.964e+05 sec,5731.839131
2.967e+05 sec,5697.307792
2.97e+05 sec,5702.822201
2.973e+05 sec,5727.66915
2.976e+05 sec,5741.958527
2.979e+05 sec,5697.413782
2.982e+05 sec,5738.435216
2.985e+05 sec,5755.597808
2.988e+05 sec,5739.95773
2.991e+05 sec,5752.521154
2.994e+05 sec,5731.723388
2.997e+05 sec,5625.569946
3e+05 sec,3130.991564
3.003e+05 sec,3098.999689
3.006e+05 sec,3094.94816
3.009e+05 sec,3103.18478
3.012e+05 sec,3133.959079
3.015e+05 sec,3090.566715
3.018e+05 sec,3072.484575
3.021e+05 sec,3111.904538
3.024e+05 sec,3082.645689
3.027e+05 sec,3089.88889
3.03e+05 sec,3073.407646
3.033e+05 sec,3089.38764
3.036e+05 sec,3024.458206
3.039e+05 sec,3075.900064
3.042e+05 sec,3119.055526
3.045e+05 sec,3109.89797
3.048e+05 sec,3116.588393
3.051e+05 sec,3099.970902
3.054e+05 sec,3111.809623
3.057e+05 sec,3093.521387
3.06e+05 sec,3117.104809
3.063e+05 sec,3087.061175
3.066e+05 sec,3095.999518
3.069e+05 sec,3092.993288
3.072e+05 sec,3077.171504
3.075e+05 sec,3093.116658
3.078e+05 sec,3133.178276
3.081e+05 sec,3093.718582
3.084e+05 sec,3120.528496
3.087e+05 sec,3148.032773
3.09e+05 sec,3198.12827
3.093e+05 sec,3204.846242
3.096e+05 sec,3156.341323
3.099e+05 sec,3214.083692
3.102e+05 sec,3131.369287
3.105e+05 sec,3135.109598
3.108e+05 sec,3137.336884
3.111e+05 sec,3107.601476
3.114e+05 sec,3125.54285
3.117e+05 sec,3131.346358
3.12e+05 sec,3082.874537
3.123e+05 sec,3040.4988
3.126e+05 sec,3049.425799
3.129e+05 sec,3042.220296
3.132e+05 sec,3042.886068
3.135e+05 sec,3037.568215
3.138e+05 sec,4083.227217
3.141e+05 sec,4113.368169
3.144e+05 sec,6081.482714
3.147e+05 sec,6065.895617
3.15e+05 sec,6088.49631
3.153e+05 sec,6072.177256
3.156e+05 sec,6061.127918
3.159e+05 sec,6064.377643
3.162e+05 sec,6060.562662
3.165e+05 sec,6045.619243
3.168e+05 sec,6062.526512
3.171e+05 sec,6066.584671
3.174e+05 sec,6089.804646
3.177e+05 sec,6156.07108
3.18e+05 sec,6194.544466
3.183e+05 sec,6103.396318
3.186e+05 sec,6049.495447
3.189e+05 sec,6068.045722
3.192e+05 sec,6069.441697
3.195e+05 sec,6055.191726
3.198e+05 sec,6037.387487
3.201e+05 sec,6076.437542
3.204e+05 sec,6068.412253
3.207e+05 sec,6077.753565
3.21e+05 sec,6067.992184
3.213e+05 sec,6037.414363
3.216e+05 sec,6084.645605
3.219e+05 sec,6038.05168
3.222e+05 sec,6022.676373
3.225e+05 sec,6012.264843
3.228e+05 sec,5988.941563
3.231e+05 sec,5958.056579
3.234e+05 sec,6019.087333
3.237e+05 sec,6102.731017
3.24e+05 sec,6068.362847
3.243e+05 sec,6029.773407
3.246e+05 sec,6063.346494
3.249e+05 sec,6006.762711
3.252e+05 sec,6065.786106
3.255e+05 sec,6059.712081
3.258e+05 sec,6067.800011
3.261e+05 sec,6042.698182
3.264e+05 sec,6108.605719
3.267e+05 sec,6149.014195
3.27e+05 sec,6070.823941
3.273e+05 sec,6044.452095
3.276e+05 sec,5979.598451
3.279e+05 sec,5955.629692
3.282e+05 sec,6042.113623
3.285e+05 sec,6084.921836
3.288e+05 sec,6133.693346
3.291e+05 sec,6036.29664
3.294e+05 sec,6044.655183
3.297e+05 sec,6187.170938
3.3e+05 sec,6206.228648
3.303e+05 sec,6159.355872
3.306e+05 sec,6287.97177
3.309e+05 sec,6178.517383
3.312e+05 sec,6120.989835
3.315e+05 sec,6213.571529
3.318e+05 sec,6206.369042
3.321e+05 sec,6113.103278
3.324e+05 sec,6042.770473
3.327e+05 sec,6013.10495
3.33e+05 sec,6000.881522
3.333e+05 sec,5994.370025
3.336e+05 sec,5998.271002
3.339e+05 sec,6016.05428
3.342e+05 sec,6108.494383
3.345e+05 sec,6126.165876
3.348e+05 sec,6126.351201
3.351e+05 sec,6154.651337
3.354e+05 sec,6153.149121
3.357e+05 sec,6114.416308
3.36e+05 sec,6131.785868
3.363e+05 sec,6089.284032
3.366e+05 sec,6156.815137
3.369e+05 sec,6203.692664
3.372e+05 sec,6176.018416
3.375e+05 sec,6166.929201
3.378e+05 sec,6231.154009
3.381e+05 sec,6257.927174
3.384e+05 sec,6310.843185
3.387e+05 sec,6294.81822
3.39e+05 sec,6376.803389
3.393e+05 sec,6362.5267
3.396e+05 sec,6359.548256
3.399e+05 sec,6339.545901
3.402e+05 sec,6385.195004
3.405e+05 sec,6403.796232
3.408e+05 sec,6322.919293
3.411e+05 sec,6305.286943
3.414e+05 sec,6323.946671
3.417e+05 sec,2.248794212
3.42e+05 sec,-6.172498691
3.423e+05 sec,6362.820099
3.426e+05 sec,6357.121866
3.429e+05 sec,6339.894504
3.432e+05 sec,6301.422362
3.435e+05 sec,6305.644796
3.438e+05 sec,6352.560328
3.441e+05 sec,6352.212603
3.444e+05 sec,6318.84307
3.447e+05 sec,6362.860134
3.45e+05 sec,6300.262077
3.453e+05 sec,6336.152218
3.456e+05 sec,6327.532038
3.459e+05 sec,6335.05612
3.462e+05 sec,6298.679072
3.465e+05 sec,6331.849479
3.468e+05 sec,6326.994995
3.471e+05 sec,6338.821737
3.474e+05 sec,6356.730306
3.477e+05 sec,6334.215699
3.48e+05 sec,6396.737415
3.483e+05 sec,6458.580439
3.486e+05 sec,6426.445301
3.489e+05 sec,6451.864848
3.492e+05 sec,6469.150475
3.495e+05 sec,6405.444361
3.498e+05 sec,3235.695281
3.501e+05 sec,3182.289117
3.504e+05 sec,3229.653118
3.507e+05 sec,3195.698446
3.51e+05 sec,3222.970576
3.513e+05 sec,3187.593275
3.516e+05 sec,3194.268073
3.519e+05 sec,3189.344957
3.522e+05 sec,3199.764633
3.525e+05 sec,3289.854046
3.528e+05 sec,3243.527377
3.531e+05 sec,3216.134874
3.534e+05 sec,3301.045419
3.537e+05 sec,3235.949316
3.54e+05 sec,3269.524828
3.543e+05 sec,3230.538625
3.546e+05 sec,3252.296478
3.549e+05 sec,3216.688577
3.552e+05 sec,3244.531769
3.555e+05 sec,3219.008629
3.558e+05 sec,3200.413946
3.561e+05 sec,3256.424687
3.564e+05 sec,3146.894751
3.567e+05 sec,3162.127185
3.57e+05 sec,3191.929995
3.573e+05 sec,3151.800905
3.576e+05 sec,3159.792937
3.579e+05 sec,3143.980279
3.582e+05 sec,3131.449802
3.585e+05 sec,3044.422457
3.588e+05 sec,3029.970421
3.591e+05 sec,3026.167319
3.594e+05 sec,3022.69713
3.597e+05 sec,-18.85332649
3.6e+05 sec,6630.167864
3.603e+05 sec,6562.393921
3.606e+05 sec,6577.756262
3.609e+05 sec,6485.565653
3.612e+05 sec,6435.87628
3.615e+05 sec,6434.220385
3.618e+05 sec,6447.853454
3.621e+05 sec,6421.465598
3.624e+05 sec,6395.570512
3.627e+05 sec,6438.718954
3.63e+05 sec,6438.284914
3.633e+05 sec,6401.367712
3.636e+05 sec,6394.251714
3.639e+05 sec,6370.321003
3.642e+05 sec,6419.480159
3.645e+05 sec,6444.649409
3.648e+05 sec,6468.942793
3.651e+05 sec,6570.680475
3.654e+05 sec,6558.196125
3.657e+05 sec,6461.914924
3.66e+05 sec,6541.025911
3.663e+05 sec,6492.338709
3.666e+05 sec,6463.483103
3.669e+05 sec,6519.095773
3.672e+05 sec,6679.98239
3.675e+05 sec,6580.80881
3.678e+05 sec,6545.756622
3.681e+05 sec,6479.314051
3.684e+05 sec,6493.002622
3.687e+05 sec,6497.254805
3.69e+05 sec,6610.648422
3.693e+05 sec,6647.888078
3.696e+05 sec,6501.845074
3.699e+05 sec,6508.971991
3.702e+05 sec,6470.970563
3.705e+05 sec,6496.933213
3.708e+05 sec,6508.668027
3.711e+05 sec,6503.930483
3.714e+05 sec,6572.826212
3.717e+05 sec,6556.740497
3.72e+05 sec,6558.011803
3.723e+05 sec,6468.639078
3.726e+05 sec,6492.143948
3.729e+05 sec,6530.112927
3.732e+05 sec,6523.81157
3.735e+05 sec,6499.331748
3.738e+05 sec,6559.373953
3.741e+05 sec,6596.041941
3.744e+05 sec,6669.627079
3.747e+05 sec,6714.326953
3.75e+05 sec,6727.203322
3.753e+05 sec,6783.246156
3.756e+05 sec,6760.493524
3.759e+05 sec,6798.367157
3.762e+05 sec,6809.433705
3.765e+05 sec,6780.517906
3.768e+05 sec,6769.464963
3.771e+05 sec,6768.808968
3.774e+05 sec,6756.082241
3.777e+05 sec,6775.200962
3.78e+05 sec,6831.405479
3.783e+05 sec,6801.408462
3.786e+05 sec,6840.570305
3.789e+05 sec,6756.341681
3.792e+05 sec,6781.877019
3.795e+05 sec,6811.694659
3.798e+05 sec,6836.32195
3.801e+05 sec,6796.085116
3.804e+05 sec,6761.503733
3.807e+05 sec,6788.647041
3.81e+05 sec,6739.841873
3.813e+05 sec,6784.394442
3.816e+05 sec,6806.944577
3.819e+05 sec,6837.020997
3.822e+05 sec,6848.357991
3.825e+05 sec,6791.191627
3.828e+05 sec,6793.425928
3.831e+05 sec,6794.497746
3.834e+05 sec,6805.630518
3.837e+05 sec,6831.353141
3.84e+05 sec,6796.862762
3.843e+05 sec,6784.259063
3.846e+05 sec,6782.496076
3.849e+05 sec,6805.291939
3.852e+05 sec,6811.574227
3.855e+05 sec,6829.62538
3.858e+05 sec,6808.767734
3.861e+05 sec,6811.650255
3.864e+05 sec,6788.281773
3.867e+05 sec,6833.385181
3.87e+05 sec,6787.824546
3.873e+05 sec,6788.719656
3.876e+05 sec,6837.736068
3.879e+05 sec,6832.810674
3.882e+05 sec,6853.451054
3.885e+05 sec,6802.507434
3.888e+05 sec,6848.482294
3.891e+05 sec,6860.162337
3.894e+05 sec,6802.760334
3.897e+05 sec,6828.670499
3.9e+05 sec,6813.835486
3.903e+05 sec,6785.536337
3.906e+05 sec,6708.922902
3.909e+05 sec,6785.204251
3.912e+05 sec,6822.539056
3.915e+05 sec,6800.798753
3.918e+05 sec,6717.601751
3.921e+05 sec,6761.306891
3.924e+05 sec,6753.061818
3.927e+05 sec,6745.870977
3.93e+05 sec,6720.399846
3.933e+05 sec,6709.140454
3.936e+05 sec,6705.648328
3.939e+05 sec,6758.437708
3.942e+05 sec,6784.022972
3.945e+05 sec,6768.054941
3.948e+05 sec,6706.385901
3.951e+05 sec,6760.574158
3.954e+05 sec,6741.663994
3.957e+05 sec,6759.400124
3.96e+05 sec,6758.58582
3.963e+05 sec,6717.834697
3.966e+05 sec,6710.135406
3.969e+05 sec,4581.455428
3.972e+05 sec,4584.964935
3.975e+05 sec,4619.407999
3.978e+05 sec,4606.798387
3.981e+05 sec,4610.515943
3.984e+05 sec,4614.964722
3.987e+05 sec,4613.447666
3.99e+05 sec,4630.142568
3.993e+05 sec,4610.479421
3.996e+05 sec,4596.94692
3.999e+05 sec,4586.826081
4.002e+05 sec,4613.256496
4.005e+05 sec,4595.772367
4.008e+05 sec,4555.661367
4.011e+05 sec,4563.317215
4.014e+05 sec,4569.536367
4.017e+05 sec,4580.001063
4.02e+05 sec,4551.105424
4.023e+05 sec,4551.076264
4.026e+05 sec,4547.919594
4.029e+05 sec,4540.81614
4.032e+05 sec,4540.314128
4.035e+05 sec,4561.613634
4.038e+05 sec,4567.036724
4.041e+05 sec,4643.852249
4.044e+05 sec,4580.309285
4.047e+05 sec,4580.52804
4.05e+05 sec,4624.644175
4.053e+05 sec,4657.190969
4.056e+05 sec,4711.021968
4.059e+05 sec,4689.592517
4.062e+05 sec,4695.389325
4.065e+05 sec,4701.229406
4.068e+05 sec,4634.031759
4.071e+05 sec,4692.80297
4.074e+05 sec,4704.068286
4.077e+05 sec,4704.98998
4.08e+05 sec,4700.707836
4.083e+05 sec,4643.143151
4.086e+05 sec,4666.339393
4.089e+05 sec,4687.561554
4.092e+05 sec,4666.924186
4.095e+05 sec,4691.309139
4.098e+05 sec,4665.362253
4.101e+05 sec,4677.902771
4.104e+05 sec,4660.982104
4.107e+05 sec,4655.774239
4.11e+05 sec,4664.065556
4.113e+05 sec,4631.221111
4.116e+05 sec,4632.498377
4.119e+05 sec,4619.588768
4.122e+05 sec,4630.279437
4.125e+05 sec,4608.645925
4.128e+05 sec,4598.636537
4.131e+05 sec,4537.00995
4.134e+05 sec,4538.258899
4.137e+05 sec,4492.848912
4.14e+05 sec,4481.280091
4.143e+05 sec,4500.881841
4.146e+05 sec,4467.138784
4.149e+05 sec,4483.610474
4.152e+05 sec,4514.136431
4.155e+05 sec,4522.980963
4.158e+05 sec,4598.809576
4.161e+05 sec,4643.884357
4.164e+05 sec,4651.814779
4.167e+05 sec,4674.709753
4.17e+05 sec,4694.746375
4.173e+05 sec,4765.017536
4.176e+05 sec,4808.338382
4.179e+05 sec,4736.27525
4.182e+05 sec,4647.544882
4.185e+05 sec,4609.633061
4.188e+05 sec,4579.545103
4.191e+05 sec,4605.20191
4.194e+05 sec,4584.400127
4.197e+05 sec,4521.013287
4.2e+05 sec,4528.204897
4.203e+05 sec,4580.319895
4.206e+05 sec,4535.025864
4.209e+05 sec,4602.441896
4.212e+05 sec,4521.862064
4.215e+05 sec,4562.899622
4.218e+05 sec,4578.28883
4.221e+05 sec,4588.178054
4.224e+05 sec,4614.817016
4.227e+05 sec,4585.501513
4.23e+05 sec,4576.341132
4.233e+05 sec,4547.675939
4.236e+05 sec,4516.003591
4.239e+05 sec,4474.513375
4.242e+05 sec,4544.31193
4.245e+05 sec,4575.493227
4.248e+05 sec,4538.196405
4.251e+05 sec,4560.059922
4.254e+05 sec,4541.783135
4.257e+05 sec,4516.622765
4.26e+05 sec,4551.595839
4.263e+05 sec,4481.61854
4.266e+05 sec,4510.595044
4.269e+05 sec,4491.88314
4.272e+05 sec,4521.985262
4.275e+05 sec,4597.839712
4.278e+05 sec,4677.715605
4.281e+05 sec,4751.735971
4.284e+05 sec,4745.001671
4.287e+05 sec,4752.334675
4.29e+05 sec,4767.53485
4.293e+05 sec,4785.871224
4.296e+05 sec,4782.408513
4.299e+05 sec,4781.055552
4.302e+05 sec,4708.062961
4.305e+05 sec,4694.1034
4.308e+05 sec,4624.452846
4.311e+05 sec,4612.823453
4.314e+05 sec,4557.907907
4.317e+05 sec,4576.224752
4.32e+05 sec,4589.946064
4.323e+05 sec,4563.226074
4.326e+05 sec,4542.739039
4.329e+05 sec,4567.929317
4.332e+05 sec,4536.421425
4.335e+05 sec,4516.042704
4.338e+05 sec,4509.49036
4.341e+05 sec,4505.475378
4.344e+05 sec,4486.101098
4.347e+05 sec,4494.354963
4.35e+05 sec,4462.814692
4.353e+05 sec,4454.478688
4.356e+05 sec,4480.078066
4.359e+05 sec,4506.091283
4.362e+05 sec,4433.858845
4.365e+05 sec,4404.420197
4.368e+05 sec,4436.702243
4.371e+05 sec,4424.062332
4.374e+05 sec,4430.979013
4.377e+05 sec,4443.676565
4.38e+05 sec,4432.617132
4.383e+05 sec,4417.893646
4.386e+05 sec,4414.142307
4.389e+05 sec,4381.826426
4.392e+05 sec,3395.71413
4.395e+05 sec,4390.142129
4.398e+05 sec,4411.87673
4.401e+05 sec,3409.895083
4.404e+05 sec,4451.967599
4.407e+05 sec,4453.559724
4.41e+05 sec,4416.870247
4.413e+05 sec,4406.766313
4.416e+05 sec,4409.98702
4.419e+05 sec,4371.998508
4.422e+05 sec,4387.512002
4.425e+05 sec,4348.959976
4.428e+05 sec,3392.39372
4.431e+05 sec,4356.639964
4.434e+05 sec,4366.357556
4.437e+05 sec,4339.852405
4.44e+05 sec,4361.994383
4.443e+05 sec,4338.746672
4.446e+05 sec,4329.497149
4.449e+05 sec,4325.600616
4.452e+05 sec,4389.462023
4.455e+05 sec,4439.38782
4.458e+05 sec,4408.879075
4.461e+05 sec,4359.571306
4.464e+05 sec,4363.393756
4.467e+05 sec,4359.440741
4.47e+05 sec,4347.491081
4.473e+05 sec,4329.074571
4.476e+05 sec,4332.523065
4.479e+05 sec,4402.227642
4.482e+05 sec,4395.271396
4.485e+05 sec,4363.176376
4.488e+05 sec,4447.773767
4.491e+05 sec,4408.495734
4.494e+05 sec,4404.733039
4.497e+05 sec,4419.546406
4.5e+05 sec,4205.769066
4.503e+05 sec,3222.298504
4.506e+05 sec,4260.607415
4.509e+05 sec,4269.535566
4.512e+05 sec,4268.862009
4.515e+05 sec,4205.875827
4.518e+05 sec,4208.170345
4.521e+05 sec,4158.971498
4.524e+05 sec,4195.676778
4.527e+05 sec,4220.82587
4.53e+05 sec,4243.788448
4.533e+05 sec,4211.53322
4.536e+05 sec,4157.278256
4.539e+05 sec,4130.929298
4.542e+05 sec,4104.269207
4.545e+05 sec,4065.408003
4.548e+05 sec,3996.486895
4.551e+05 sec,3940.525549
4.554e+05 sec,3955.921186
4.557e+05 sec,3928.249863
4.56e+05 sec,3959.862035
4.563e+05 sec,3886.29717
4.566e+05 sec,3915.563437
4.569e+05 sec,3957.878564
4.572e+05 sec,3945.018819
4.575e+05 sec,3940.959824
4.578e+05 sec,3936.106029
4.581e+05 sec,3951.334053
4.584e+05 sec,2958.52731
4.587e+05 sec,3948.584219
4.59e+05 sec,3932.255714
4.593e+05 sec,3949.500647
4.596e+05 sec,3939.30052
4.599e+05 sec,3937.022996
4.602e+05 sec,3952.452736
4.605e+05 sec,3962.046128
4.608e+05 sec,4046.006536
4.611e+05 sec,4132.015089
4.614e+05 sec,4097.45759
4.617e+05 sec,3977.288483
4.62e+05 sec,3921.320497
4.623e+05 sec,3951.186306
4.626e+05 sec,4018.148152
4.629e+05 sec,6091.067577
4.632e+05 sec,6109.603466
4.635e+05 sec,6101.357844
4.638e+05 sec,6105.340216
4.641e+05 sec,6147.129869
4.644e+05 sec,6134.174558
4.647e+05 sec,6099.074705
4.65e+05 sec,5993.598735
4.653e+05 sec,5964.750578
4.656e+05 sec,5927.756877
4.659e+05 sec,5951.475454
4.662e+05 sec,5899.551241
4.665e+05 sec,5915.767672
4.668e+05 sec,5902.382756
4.671e+05 sec,5842.920512
4.674e+05 sec,5839.521499
4.677e+05 sec,5877.820094
4.68e+05 sec,5946.826287
4.683e+05 sec,6001.181649
4.686e+05 sec,6037.599646
4.689e+05 sec,5999.839346
4.692e+05 sec,5947.922175
4.695e+05 sec,5943.723469
4.698e+05 sec,5886.120141
4.701e+05 sec,5946.507348
4.704e+05 sec,5922.390257
4.707e+05 sec,5860.297717
4.71e+05 sec,5904.301269
4.713e+05 sec,5921.635216
4.716e+05 sec,5878.266425
4.719e+05 sec,5923.367653
4.722e+05 sec,5932.368779
4.725e+05 sec,5929.383552
4.728e+05 sec,5931.4038
4.731e+05 sec,5930.279401
4.734e+05 sec,5952.467024
4.737e+05 sec,6029.800909
4.74e+05 sec,6155.534971
4.743e+05 sec,6104.50665
4.746e+05 sec,6139.66097
4.749e+05 sec,6215.186505
4.752e+05 sec,6155.652804
4.755e+05 sec,6185.490624
4.758e+05 sec,6188.69982
4.761e+05 sec,6171.811251
4.764e+05 sec,6204.276417
4.767e+05 sec,6209.837094
4.77e+05 sec,6217.675377
4.773e+05 sec,6269.205796
4.776e+05 sec,6229.736743
4.779e+05 sec,6240.699922
4.782e+05 sec,6254.263434
4.785e+05 sec,6265.831617
4.788e+05 sec,6257.041
4.791e+05 sec,6282.4022
4.794e+05 sec,6239.349932
4.797e+05 sec,6269.772186
4.8e+05 sec,6250.291494
4.803e+05 sec,6296.808088
4.806e+05 sec,6285.562952
4.809e+05 sec,6269.609107
4.812e+05 sec,6272.556738
4.815e+05 sec,6278.572393
4.818e+05 sec,6264.131253
4.821e+05 sec,6271.403719
4.824e+05 sec,6267.450677
4.827e+05 sec,6228.337492
4.83e+05 sec,6253.47264
4.833e+05 sec,6263.098119
4.836e+05 sec,6286.27051
4.839e+05 sec,6282.395227
4.842e+05 sec,6235.693229
4.845e+05 sec,6273.802904
4.848e+05 sec,6225.652078
4.851e+05 sec,6271.425809
4.854e+05 sec,6279.646328
4.857e+05 sec,6315.976707
4.86e+05 sec,6302.055047
4.863e+05 sec,6254.199932
4.866e+05 sec,6264.27911
4.869e+05 sec,6297.115036
4.872e+05 sec,6321.551046
4.875e+05 sec,6294.346029
4.878e+05 sec,6273.698176
4.881e+05 sec,6284.582159
4.884e+05 sec,6294.115587
4.887e+05 sec,6345.683086
4.89e+05 sec,6373.305503
4.893e+05 sec,6412.976671
4.896e+05 sec,6333.635938
4.899e+05 sec,6375.389486
4.902e+05 sec,6361.144895
4.905e+05 sec,6309.242479
4.908e+05 sec,6316.448338
4.911e+05 sec,6185.504598
4.914e+05 sec,6186.100651
4.917e+05 sec,6213.394403
4.92e+05 sec,6231.925978
4.923e+05 sec,6249.310805
4.926e+05 sec,6262.548917
4.929e+05 sec,6274.738931
4.932e+05 sec,6255.029196
4.935e+05 sec,6268.080465
4.938e+05 sec,6291.079412
4.941e+05 sec,6302.237522
4.944e+05 sec,6289.63437
4.947e+05 sec,6326.023053
4.95e+05 sec,4190.455926
4.953e+05 sec,3116.931856
4.956e+05 sec,3118.389268
4.959e+05 sec,4216.635457
4.962e+05 sec,4220.237288
4.965e+05 sec,4155.897432
4.968e+05 sec,4135.616301
4.971e+05 sec,4118.474233
4.974e+05 sec,4169.026045
4.977e+05 sec,4168.282483
4.98e+05 sec,4201.547626
4.983e+05 sec,4194.239334
4.986e+05 sec,4245.792021
4.989e+05 sec,4251.169462
4.992e+05 sec,4307.799403
4.995e+05 sec,4269.001704
4.998e+05 sec,4274.850062
5.001e+05 sec,4259.948163
5.004e+05 sec,4314.057287
5.007e+05 sec,4313.620167
5.01e+05 sec,4257.062149
5.013e+05 sec,4316.067001
5.016e+05 sec,4272.544332
5.019e+05 sec,4318.019231
5.022e+05 sec,4309.459355
5.025e+05 sec,4285.005615
5.028e+05 sec,4292.343607
5.031e+05 sec,4356.961622
5.034e+05 sec,4365.54346
5.037e+05 sec,4364.227228
5.04e+05 sec,4344.288886
5.043e+05 sec,4360.253039
5.046e+05 sec,4388.560264
5.049e+05 sec,4386.403627
5.052e+05 sec,4408.370428
5.055e+05 sec,4430.859252
5.058e+05 sec,4388.450037
5.061e+05 sec,4396.027916
5.064e+05 sec,4423.684432
5.067e+05 sec,4438.790471
5.07e+05 sec,4408.568383
5.073e+05 sec,4446.005402
5.076e+05 sec,4485.701758
5.079e+05 sec,4400.346478
5.082e+05 sec,4449.935365
5.085e+05 sec,4469.185702
5.088e+05 sec,4418.132761
5.091e+05 sec,4441.335301
5.094e+05 sec,4479.507739
5.097e+05 sec,4497.14417
5.1e+05 sec,4408.644875
5.103e+05 sec,4413.681886
5.106e+05 sec,4392.39211
5.109e+05 sec,4429.121349
5.112e+05 sec,4409.278158
5.115e+05 sec,4399.997304
5.118e+05 sec,4489.83163
5.121e+05 sec,4468.976092
5.124e+05 sec,4441.575455
5.127e+05 sec,4412.299397
5.13e+05 sec,4367.821668
5.133e+05 sec,4408.472813
5.136e+05 sec,4424.409105
5.139e+05 sec,4360.953067
5.142e+05 sec,4400.645069
5.145e+05 sec,4485.383388
5.148e+05 sec,4374.866004
5.151e+05 sec,4392.677496
5.154e+05 sec,4378.490827
5.157e+05 sec,4378.690314
5.16e+05 sec,4353.503295
5.163e+05 sec,4380.099967
5.166e+05 sec,4382.04266
5.169e+05 sec,4383.720941
5.172e+05 sec,4358.41308
5.175e+05 sec,4359.446
5.178e+05 sec,4397.86412
5.181e+05 sec,4343.357111
5.184e+05 sec,4312.888381
5.187e+05 sec,4359.542013
5.19e+05 sec,4348.604245
5.193e+05 sec,4371.896462
5.196e+05 sec,4380.419628
5.199e+05 sec,4377.882428
5.202e+05 sec,4410.009226
5.205e+05 sec,4318.492737
5.208e+05 sec,4332.63418
5.211e+05 sec,4367.409241
5.214e+05 sec,4373.877703
5.217e+05 sec,4388.237998
5.22e+05 sec,4382.861332
5.223e+05 sec,4395.198392
5.226e+05 sec,4401.96081
5.229e+05 sec,4418.711483
5.232e+05 sec,4332.76228
5.235e+05 sec,4328.443484
5.238e+05 sec,4276.206039
5.241e+05 sec,4328.894153
5.244e+05 sec,4322.139396
5.247e+05 sec,4340.67295
5.25e+05 sec,4350.370914
5.253e+05 sec,4336.653233
5.256e+05 sec,4370.304111
5.259e+05 sec,4425.511248
5.262e+05 sec,4384.456871
5.265e+05 sec,4372.462782
5.268e+05 sec,4379.356805
5.271e+05 sec,4347.882926
5.274e+05 sec,4342.313593
5.277e+05 sec,4313.764871
5.28e+05 sec,4372.035228
5.283e+05 sec,4324.381172
5.286e+05 sec,4349.828895
5.289e+05 sec,4309.403998
5.292e+05 sec,4293.28131
5.295e+05 sec,4319.893561
5.298e+05 sec,4323.961245
5.301e+05 sec,4311.346422
5.304e+05 sec,4308.007337
5.307e+05 sec,4333.818315
5.31e+05 sec,4286.155697
5.313e+05 sec,4265.4883
5.316e+05 sec,4287.686855
5.319e+05 sec,4255.919616
5.322e+05 sec,4284.115588
5.325e+05 sec,4233.535644
5.328e+05 sec,4270.759703
5.331e+05 sec,4262.744107
5.334e+05 sec,4241.537065
5.337e+05 sec,4246.764836
5.34e+05 sec,4247.183728
5.343e+05 sec,4246.214478
5.346e+05 sec,4238.183471
5.349e+05 sec,4157.260073
5.352e+05 sec,4216.334904
5.355e+05 sec,4160.347048
5.358e+05 sec,4230.638581
5.361e+05 sec,4252.444889
5.364e+05 sec,4172.842386
5.367e+05 sec,4202.96808
5.37e+05 sec,4231.772539
5.373e+05 sec,4196.45714
5.376e+05 sec,4247.028084
5.379e+05 sec,4252.780172
5.382e+05 sec,3199.107438
5.385e+05 sec,3197.10753
5.388e+05 sec,3152.82319
5.391e+05 sec,3196.379653
5.394e+05 sec,4201.755158
5.397e+05 sec,4228.891091
5.4e+05 sec,4181.660164
5.403e+05 sec,4190.86778
5.406e+05 sec,4263.910327
5.409e+05 sec,4309.146748
5.412e+05 sec,4211.834069
5.415e+05 sec,4268.928945
5.418e+05 sec,4216.651233
5.421e+05 sec,4341.325401
5.424e+05 sec,4323.657061
5.427e+05 sec,4338.070305
5.43e+05 sec,4364.033278
5.433e+05 sec,4312.216433
5.436e+05 sec,4357.607561
5.439e+05 sec,4364.264807
5.442e+05 sec,4400.785153
5.445e+05 sec,4376.318358
5.448e+05 sec,4485.735437
5.451e+05 sec,4383.860068
5.454e+05 sec,4246.693679
5.457e+05 sec,4127.054556
5.46e+05 sec,4215.981652
5.463e+05 sec,4307.83357
5.466e+05 sec,4212.714863
5.469e+05 sec,4263.029016
5.472e+05 sec,4179.850246
5.475e+05 sec,4200.57411
5.478e+05 sec,4202.226482
5.481e+05 sec,4216.070465
5.484e+05 sec,4167.06194
5.487e+05 sec,4210.903409
5.49e+05 sec,4250.315893
5.493e+05 sec,4270.642625
5.496e+05 sec,4266.823418
5.499e+05 sec,4200.313276
5.502e+05 sec,4239.325811
5.505e+05 sec,4220.993291
5.508e+05 sec,4187.401504
5.511e+05 sec,4308.020464
5.514e+05 sec,4321.04415
5.517e+05 sec,4227.113149
5.52e+05 sec,4298.396239
5.523e+05 sec,4278.146831
5.526e+05 sec,4220.078935
5.529e+05 sec,4150.978315
5.532e+05 sec,4227.450798
5.535e+05 sec,4258.65395
5.538e+05 sec,4169.85064
5.541e+05 sec,4194.058048
5.544e+05 sec,4170.711356
5.547e+05 sec,4241.941138
5.55e+05 sec,4172.784256
5.553e+05 sec,4124.353094
5.556e+05 sec,4145.00173
5.559e+05 sec,4245.46559
5.562e+05 sec,4151.460809
5.565e+05 sec,4217.625039
5.568e+05 sec,4180.843743
5.571e+05 sec,4053.797674
5.574e+05 sec,4192.682923
5.577e+05 sec,4170.224528
5.58e+05 sec,4232.890607
5.583e+05 sec,4269.237136
5.586e+05 sec,4320.909911
5.589e+05 sec,4273.506422
5.592e+05 sec,4338.879837
5.595e+05 sec,4328.403486
5.598e+05 sec,4400.884428
5.601e+05 sec,4306.237463
5.604e+05 sec,4330.178849
5.607e+05 sec,4351.971014
5.61e+05 sec,4333.091257
5.613e+05 sec,4277.840369
5.616e+05 sec,4300.005263
5.619e+05 sec,4358.849093
5.622e+05 sec,4401.452091
5.625e+05 sec,4321.37444
5.628e+05 sec,4380.066069
5.631e+05 sec,4376.676511
5.634e+05 sec,4367.490556
5.637e+05 sec,4413.801451
5.64e+05 sec,4319.103918
5.643e+05 sec,4285.35562
5.646e+05 sec,4318.941072
5.649e+05 sec,4325.346457
5.652e+05 sec,4343.776982
5.655e+05 sec,4373.121569
5.658e+05 sec,4328.513786
5.661e+05 sec,4304.899113
5.664e+05 sec,4262.193733
5.667e+05 sec,4302.570879
5.67e+05 sec,4335.029122
5.673e+05 sec,4314.743747
5.676e+05 sec,4353.068308
5.679e+05 sec,4432.675638
5.682e+05 sec,4339.210633
5.685e+05 sec,4405.958699
5.688e+05 sec,4328.719302
5.691e+05 sec,4363.822177
5.694e+05 sec,4338.279224
5.697e+05 sec,4346.170219
5.7e+05 sec,4447.177578
5.703e+05 sec,4428.835826
5.706e+05 sec,4395.229952
5.709e+05 sec,4377.550379
5.712e+05 sec,4420.671995
5.715e+05 sec,4417.417656
5.718e+05 sec,4378.004114
5.721e+05 sec,4337.057057
5.724e+05 sec,4435.12624
5.727e+05 sec,4471.186555
5.73e+05 sec,4463.844067
5.733e+05 sec,4464.639623
5.736e+05 sec,4411.909789
5.739e+05 sec,4367.663987
5.742e+05 sec,4468.765182
5.745e+05 sec,4385.170388
5.748e+05 sec,4331.350102
5.751e+05 sec,4356.717427
5.754e+05 sec,4325.393368
5.757e+05 sec,4317.117118
5.76e+05 sec,4439.17068
5.763e+05 sec,4338.738323
5.766e+05 sec,4192.728681
5.769e+05 sec,4200.981415
5.772e+05 sec,4157.617614
5.775e+05 sec,4219.308994
5.778e+05 sec,4208.405064
5.781e+05 sec,4178.878373
5.784e+05 sec,4164.452245
5.787e+05 sec,4185.782618
5.79e+05 sec,4216.536183
5.793e+05 sec,4228.775831
5.796e+05 sec,4180.953655
5.799e+05 sec,4212.373773
5.802e+05 sec,3122.665408
5.805e+05 sec,4183.498665
5.808e+05 sec,4195.665311
5.811e+05 sec,4208.637893
5.814e+05 sec,6245.296954
5.817e+05 sec,6283.928562
5.82e+05 sec,6255.269922
5.823e+05 sec,6260.40454
5.826e+05 sec,6249.388738
5.829e+05 sec,6272.970151
5.832e+05 sec,6267.885128
5.835e+05 sec,6268.949286
5.838e+05 sec,6315.033092
5.841e+05 sec,6281.290236
5.844e+05 sec,6276.631624
5.847e+05 sec,6348.136295
5.85e+05 sec,6406.841647
5.853e+05 sec,6350.427472
5.856e+05 sec,6301.74445
5.859e+05 sec,6270.583279
5.862e+05 sec,6351.814117
5.865e+05 sec,6257.321994
5.868e+05 sec,6279.132432
5.871e+05 sec,6258.125685
5.874e+05 sec,6250.065033
5.877e+05 sec,6234.47943
5.88e+05 sec,6278.804391
5.883e+05 sec,6380.478071
5.886e+05 sec,6395.491921
5.889e+05 sec,6410.329399
5.892e+05 sec,6390.438256
5.895e+05 sec,6355.689559
5.898e+05 sec,6396.653097
5.901e+05 sec,6337.331993
5.904e+05 sec,6310.741722
5.907e+05 sec,6266.209335
5.91e+05 sec,4239.87471
5.913e+05 sec,6346.232722
5.916e+05 sec,6298.872948
5.919e+05 sec,6396.738981
5.922e+05 sec,6417.362603
5.925e+05 sec,6358.379209
5.928e+05 sec,4239.002926
5.931e+05 sec,4233.084849
5.934e+05 sec,4180.173617
5.937e+05 sec,6315.320133
5.94e+05 sec,6414.623848
5.943e+05 sec,6469.284699
5.946e+05 sec,6401.258797
5.949e+05 sec,6270.849953
5.952e+05 sec,6282.860946
5.955e+05 sec,6334.615229
5.958e+05 sec,6227.097055
5.961e+05 sec,6283.528672
5.964e+05 sec,6291.253251
5.967e+05 sec,6278.750953
5.97e+05 sec,6260.436473
5.973e+05 sec,6213.249041
5.976e+05 sec,6204.662115
5.979e+05 sec,6293.42218
5.982e+05 sec,6349.815859
5.985e+05 sec,6359.858077
5.988e+05 sec,6386.689893
5.991e+05 sec,6365.921327
5.994e+05 sec,6495.897236
5.997e+05 sec,6495.051483
6e+05 sec,6422.692384
6.003e+05 sec,6335.338653
6.006e+05 sec,6351.966883
6.009e+05 sec,6398.665852
6.012e+05 sec,6309.734175
6.015e+05 sec,6303.935026
6.018e+05 sec,6403.313021
6.021e+05 sec,6402.647338
6.024e+05 sec,6259.661708
6.027e+05 sec,6253.175646
6.03e+05 sec,6219.971674
6.033e+05 sec,6221.11994
6.036e+05 sec,6213.197862
6.039e+05 sec,6209.635997
6.042e+05 sec,6192.576103
6.045e+05 sec,6123.513147
6.048e+05 sec,6176.862311
